{"name":"35bb3329-77d6-4196-8458-7089b58f46e5","id":"/providers/Microsoft.Flow/flows/35bb3329-77d6-4196-8458-7089b58f46e5","type":"Microsoft.Flow/flows","properties":{"apiId":"/providers/Microsoft.PowerApps/apis/shared_logicflows","displayName":"Weekly issues report","definition":{"metadata":{"workflowEntityId":null,"creator":{"id":"73ebbe8e-be1f-464d-847a-855598310a7d","type":"User","tenantId":"8158ff72-231e-4400-b397-6dd1ad63f4b6"},"provisioningMethod":"FromDefinition","failureAlertSubscription":true,"clientLastModifiedTime":"2019-12-06T16:15:59.2589635Z"},"$schema":"https://schema.management.azure.com/providers/Microsoft.Logic/schemas/2016-06-01/workflowdefinition.json#","contentVersion":"1.0.0.0","parameters":{"$connections":{"defaultValue":{},"type":"Object"},"$authentication":{"defaultValue":{},"type":"SecureObject"}},"triggers":{"manual":{"type":"Request","kind":"Http","inputs":{"schema":{"type":"array","items":{"type":"object","properties":{"title":{"type":"string"},"url":{"type":"string"},"assignedTo":{"type":"string"}},"required":["title","url","assignedTo"]}},"method":"POST"}}},"actions":{"Post_issues_in_a_Teams_channel_with_GitHub_URL":{"runAfter":{"Append_final_HTML_to_htmlInMessage":["Succeeded"]},"metadata":{"flowSystemMetadata":{"swaggerOperationId":"PostMessageToChannelV3"}},"type":"ApiConnection","inputs":{"host":{"connection":{"name":"@parameters('$connections')['shared_teams']['connectionId']"},"api":{"runtimeUrl":"https://uk-001.azure-apim.net/apim/teams"}},"method":"post","body":{"body":{"content":"<br>\n@{variables('htmlInMessage')}","contentType":"html"},"subject":"@body('Parse_JSON_-_Sent_from_GitHub_Actions')?['subject']"},"path":"/v3/beta/teams/@{encodeURIComponent('b6142568-1247-42b7-a8aa-8d31cfeec306')}/channels/@{encodeURIComponent('19:84d5a1f5a1c1482c9cb65f8d0ca5e673@thread.skype')}/messages","authentication":"@parameters('$authentication')"}},"Parse_JSON_-_Sent_from_GitHub_Actions":{"runAfter":{"Initialize_variable_-_htmlInMessage":["Succeeded"]},"type":"ParseJson","inputs":{"content":"@triggerBody()","schema":{"type":"object","properties":{"githubUrl":{"type":"string"},"issues":{"type":"array","items":{"type":"object","properties":{"title":{"type":"string"},"body":{"type":"string"},"url":{"type":"string"},"assignedTo":{"type":"string"},"assignedToPic":{"type":"string"}},"required":["title","body","url","assignedTo","assignedToPic"]}},"subject":{"type":"string"},"notificationText":{"type":"string"}}}}},"Initialize_variable_-_htmlInMessage":{"runAfter":{},"type":"InitializeVariable","inputs":{"variables":[{"name":"htmlInMessage","type":"String","value":"<div style=\"margin:10px\">\n<ul style=\"list-style-type: none;padding-left:0px\">"}]}},"Apply_to_each_-_required_issue":{"foreach":"@body('Parse_JSON_-_Sent_from_GitHub_Actions')?['issues']","actions":{"Append_issue_details_to_htmlInMessage":{"runAfter":{},"type":"AppendToStringVariable","inputs":{"name":"htmlInMessage","value":"<li style=\"padding: 5px; overflow: auto;background-color: #ececec;margin-bottom: 5px;\">\n<p style=\"float: left;margin: 0 15px 0 0;width:80px;height:80px;border-radius:40px\"><img src=\"@{items('Apply_to_each_-_required_issue')?['assignedToPic']}\" /></p>\n<h2>@{items('Apply_to_each_-_required_issue')?['title']}</h2>\n<p>Assigned to - @{items('Apply_to_each_-_required_issue')?['assignedTo']}</p>\n<p>Details - @{items('Apply_to_each_-_required_issue')?['body']}</p>\n<a href=\"@{items('Apply_to_each_-_required_issue')?['url']}\">More details</a>\n</li>"}}},"runAfter":{"Parse_JSON_-_Sent_from_GitHub_Actions":["Succeeded"]},"type":"Foreach"},"Append_final_HTML_to_htmlInMessage":{"runAfter":{"Apply_to_each_-_required_issue":["Succeeded"]},"type":"AppendToStringVariable","inputs":{"name":"htmlInMessage","value":"</ul>\n</div>\n\n<a href=\"@{body('Parse_JSON_-_Sent_from_GitHub_Actions')?['githubUrl']}\" style=\"margin-right: 10px; text-align: center; width: auto; float: right; background-color: #ececec; padding: 10px;\">View in GitHub</a>"}},"Send_a_mobile_notification_with_GitHub_URL":{"runAfter":{"Post_issues_in_a_Teams_channel_with_GitHub_URL":["Succeeded"]},"metadata":{"flowSystemMetadata":{"swaggerOperationId":"SendNotification"}},"type":"ApiConnection","inputs":{"host":{"connection":{"name":"@parameters('$connections')['shared_flowpush']['connectionId']"},"api":{"runtimeUrl":"https://uk-001.azure-apim.net/apim/flowpush"}},"method":"post","body":{"notificationText":"@body('Parse_JSON_-_Sent_from_GitHub_Actions')?['notificationText']","notificationLink":{"uri":"@body('Parse_JSON_-_Sent_from_GitHub_Actions')?['githubUrl']","label":"View the issues in GitHub"}},"path":"/sendNotification","authentication":"@parameters('$authentication')"}}}},"connectionReferences":{"shared_teams":{"connectionName":"shared-teams-29763405-0afe-4f55-b014-0afd07cb74ab","source":"Embedded","id":"/providers/Microsoft.PowerApps/apis/shared_teams","tier":"NotSpecified"},"shared_flowpush":{"connectionName":"shared-flowpush-257ac2e0-5de6-4d4a-8310-bd43a5f0076d","source":"Embedded","id":"/providers/Microsoft.PowerApps/apis/shared_flowpush","tier":"NotSpecified"}},"flowFailureAlertSubscribed":false}}